rgn_id,pressure_score
1,0.860993129
4,0.858651416
5,0.843042372
2,0.849893126
3,0.869497359
6,0.858169667
