"rgn_id","pressure_score"
1,0.90946
4,0.90946
5,0.90946
2,0.90946
3,0.90946
6,0.90946
