rgn_id,pressure_score
1,0.860993129
4,0.849893126
5,0.869497359
2,0.858651416
3,0.843042372
6,0.858169667
