rgn_id,pressure_score
1,0.446217
4,0.442611
5,0.065483
2,0.471378
3,0.493455
6,0.466887
