"rgn_id","pressure_score"
1,0.273614289863491
4,0.273614289863491
5,0.273614289863491
2,0.273614289863491
3,0.273614289863491
6,0.273614289863491
