"rgn_id","pressure_score"
1,0.24167088338757
4,0.24167088338757
5,0.24167088338757
2,0.24167088338757
3,0.24167088338757
6,0.24167088338757
