rgn_id,pressure_score
1,0.446217
4,0.471378
5,0.493455
2,0.442611
3,0.065483
6,0.466887
