rgn_id,pressure_score
1,0.50221906
4,0.495483213
5,0.560609974
2,0.506940496
3,0.384324819
6,0.492881083
