rgn_id,trend
1,-0.030161867
2,-0.047373111
3,0.080585061
4,0.023102996
5,0.004890248
6,0.01863354
