"rgn_id","trend"
1,0.098175936123348
4,0.098175936123348
5,0.098175936123348
2,0.098175936123348
3,0.098175936123348
6,0.098175936123348
