"rgn_id","trend.score"
1,0.698276712599072
4,0.698276712599072
5,0.698276712599072
2,0.698276712599072
3,0.698276712599072
6,0.698276712599072
