rgn_id,trend.score
1,-0.398850774
2,-0.168112676
3,0.097390624
4,-0.125539492
5,-0.11151712
6,-0.130792028
