rgn_id,trend.score
1,0
2,-0.002747253
3,0.002717532
4,0
5,-0.019027269
