rgn_id,trend
1,0.160890792
2,0.169477115
3,0.177961022
4,0.204825538
5,0.130092593
6,0.239043319
