"rgn_id","trend.score"
1,0.0842377994981651
4,0.0842377994981651
5,0.0842377994981651
2,0.0842377994981651
3,0.0842377994981651
6,0.0842377994981651
