rgn_id,trend
1,-0.008603774
2,-0.031172751
3,0.009778399
4,-0.011733063
5,-0.002448
6,0.007679044
