"rgn_id","resilience.score"
1,0.508616609363006
4,0.508616609363006
5,0.508616609363006
2,0.508616609363006
3,0.508616609363006
6,0.508616609363006
