"rgn_id","pressure_score"
1,0.0350785763316116
4,0.0350785763316116
5,0.0350785763316116
2,0.0350785763316116
3,0.0350785763316116
6,0.0350785763316116
