"rgn_id","w_fis"
1,0.778133576
4,0.778133576
5,0.778133576
2,0.778133576
3,0.778133576
6,0.778133576
