rgn_id,w_fis
1,0.703759709
4,0.703759709
5,0.703759709
2,0.703759709
3,0.703759709
6,0.703759709
