rgn_id,habitat,trend
1,sand_dunes,0.009079533
4,sand_dunes,-0.007677335
5,sand_dunes,-0.011270057
2,sand_dunes,-0.017533035
3,sand_dunes,-0.006374913
6,sand_dunes,-0.013000201
1,soft_bottom,-0.009038126
4,soft_bottom,-0.009038126
5,soft_bottom,-0.009038126
2,soft_bottom,-0.009038126
3,soft_bottom,-0.009038126
6,soft_bottom,-0.009038126
