rgn_id,habitat,km2
1,sand_dunes,1.63200644
4,sand_dunes,2.22367085
5,sand_dunes,0.449621806
2,sand_dunes,2.09777284
3,sand_dunes,0.47259437
6,sand_dunes,0.66448776
1,soft_bottom,72.67097501
4,soft_bottom,54.24053162
5,soft_bottom,0.74522511
2,soft_bottom,55.79218281
3,soft_bottom,32.43319162
6,soft_bottom,33.17911958
