"rgn_id","resilience.score"
1,0.387319929083636
4,0.387319929083636
5,0.387319929083636
2,0.387319929083636
3,0.387319929083636
6,0.387319929083636
