"rgn_id","resilience.score"
1,0.40832188
4,0.40832188
5,0.40832188
2,0.40832188
3,0.40832188
6,0.40832188
