rgn_id,pressure_score
1,0.004553614
4,0.010438177
5,0.021100558
2,0.007493191
3,0.021103278
6,0.038995054
