rgn_id,pressure_score
1,0.259996
4,0.56461
5,0.537198
2,0.434718
3,0.640908
6,0.677936
