rgn_id,pressures.score
1,0.006798883
4,0.007474616
5,0.000144731
2,0.004048689
3,0.545906191
6,0.022247169
