"rgn_id","pressures.score"
1,0.02603712
4,0.02603712
5,0.02603712
2,0.02603712
3,0.02603712
6,0.02603712
