rgn_id,pressures.score
1,0.770567034
4,0.770567034
5,0.770567034
2,0.770567034
3,0.770567034
6,0.770567034
