rgn_id,pressures.score
1,0.58662028
4,0.58662028
5,0.58662028
2,0.58662028
3,0.58662028
6,0.58662028
