"cntry_key","year","percent"
"ISR",2005,8.99349242
"ISR",2006,8.4039835
"ISR",2007,7.31908156
"ISR",2008,6.10011091
"ISR",2009,7.60954073000001
"ISR",2010,12.1388164013
