rgn_id,trend
1,-0.0917399
2,-0.034752183
3,0.002566165
4,-0.122419658
5,-0.031453842
6,-0.125634311
