rgn_id,status
1,0.163434005
2,0.167196031
3,0.880364273
4,0.194706176
5,0.096339291
6,0.072961931
