rgn_id,status
1,0.13630161
2,0.13630161
3,0.13630161
4,0.13630161
5,0.13630161
6,0.13630161
