rgn_id,trend
1,0.007590511
2,0.007590511
3,0.007590511
4,0.007590511
5,0.007590511
6,0.007590511
