rgn_id,status
1,0.159177405
2,0.159177405
3,0.159177405
4,0.159177405
5,0.159177405
6,0.159177405
