rgn_id,trend
1,0.025731749
2,0.025731749
3,0.025731749
4,0.025731749
5,0.025731749
6,0.025731749
