rgn_id,status
1,0.145833191
2,0.145833191
3,0.145833191
4,0.145833191
5,0.145833191
6,0.145833191
