rgn_id,pressure_score
1,0
2,0.013736264
3,0.0475
4,0
5,0.095238095
