rgn_id,pressure_score
1,0.00263324
4,0.002287864
5,0.00087031
2,0.001543176
3,0.002618501
6,0.001676931
