"rgn_id","pressure_score"
1,0.514909237621593
4,0.514909237621593
5,0.514909237621593
2,0.514909237621593
3,0.514909237621593
6,0.514909237621593
