rgn_id,pressure_score
1,0.00263324
4,0.001543176
5,0.002618501
2,0.002287864
3,0.00087031
6,0.001676931
