rgn_id,pressure_score
1,0.111584286
4,0.033499214
5,0
2,0.002828827
3,0
6,0.058936188
