rgn_id,pressure_score
1,0.031615298
4,0.002366638
5,0
2,0.010192038
3,0
6,0
