"rgn_id","pressure_score"
1,0.0396879
4,0.0396879
5,0.0396879
2,0.0396879
3,0.0396879
6,0.0396879
