rgn_id,pressure_score
1,0.010629921
2,0.028038674
3,0.071126761
4,0.028831169
5,0.005412371
6,0.072209567
