rgn_id,pressure_score
1,0
2,0
3,0.01369863
4,0.016369048
5,0
6,0.032139094
