rgn_id,pressure_score
1,0.33747412
2,0.354037267
3,0
4,0.106545628
5,0.1134952
6,0.068322981
