"rgn_id","area_km2"
1,1212.94532172483
4,1212.94532172483
5,1212.94532172483
2,1212.94532172483
3,1212.94532172483
6,1212.94532172483
