"rgn_id","area_km2"
1,211.326686722396
4,211.326686722396
5,211.326686722396
2,211.326686722396
3,211.326686722396
6,211.326686722396
