"rgn_id","pressures.score"
1,0.009914125546969
4,0.009914125546969
5,0.009914125546969
2,0.009914125546969
3,0.009914125546969
6,0.009914125546969
