rgn_id,pressures.score
1,0.789728165
4,0.789728165
5,0.789728165
2,0.789728165
3,0.789728165
6,0.789728165
