"rgn_id","score"
1,-0.14256377017058
4,-0.14256377017058
5,-0.14256377017058
2,-0.14256377017058
3,-0.14256377017058
6,-0.14256377017058
