"rgn_id","resilience.score"
1,0.777777777777833
4,0.777777777777833
5,0.777777777777833
2,0.777777777777833
3,0.777777777777833
6,0.777777777777833
