"rgn_id","score"
1,0.618811984036919
4,0.618811984036919
5,0.618811984036919
2,0.618811984036919
3,0.618811984036919
6,0.618811984036919
