"rgn_id","pressure_score"
3,0.90946
4,0.90946
2,0.90946
1,0.90946
