"rgn_id","pressure_score"
3,0.24167088338757
4,0.24167088338757
2,0.24167088338757
1,0.24167088338757
