"rgn_id","pressure_score"
3,0.273614289863491
4,0.273614289863491
2,0.273614289863491
1,0.273614289863491
