"rgn_id","pressure_score"
3,0.876792030393427
4,0.876792030393427
2,0.876792030393427
1,0.876792030393427
