"rgn_id","pressure_score"
1,0.876792030393427
4,0.876792030393427
5,0.876792030393427
2,0.876792030393427
3,0.876792030393427
6,0.876792030393427
