"rgn_id","trend"
3,0.098175936123348
4,0.098175936123348
2,0.098175936123348
1,0.098175936123348
