"rgn_id","trend.score"
3,0.698276712599072
4,0.698276712599072
2,0.698276712599072
1,0.698276712599072
