"rgn_id","trend.score"
3,0.0842377994981651
4,0.0842377994981651
2,0.0842377994981651
1,0.0842377994981651
