"rgn_id","resilience.score"
3,0.468879952722424
4,0.468879952722424
2,0.468879952722424
1,0.468879952722424
