"rgn_id","resilience.score"
3,0.481490112897341
4,0.481490112897341
2,0.481490112897341
1,0.481490112897341
