"rgn_id","resilience.score"
1,0.481490112897341
4,0.481490112897341
5,0.481490112897341
2,0.481490112897341
3,0.481490112897341
6,0.481490112897341
