"rgn_id","resilience.score"
1,0.482881253135758
4,0.482881253135758
5,0.482881253135758
2,0.482881253135758
3,0.482881253135758
6,0.482881253135758
