"rgn_id","resilience.score"
3,0.508616609363006
4,0.508616609363006
2,0.508616609363006
1,0.508616609363006
