"rgn_id","resilience.score"
1,0.467488812484008
4,0.467488812484008
5,0.467488812484008
2,0.467488812484008
3,0.467488812484008
6,0.467488812484008
