"rgn_id","resilience.score"
1,0.468879952722424
4,0.468879952722424
5,0.468879952722424
2,0.468879952722424
3,0.468879952722424
6,0.468879952722424
