"rgn_id","resilience.score"
3,0.467488812484008
4,0.467488812484008
2,0.467488812484008
1,0.467488812484008
