"rgn_id","pressure_score"
3,0.0350785763316116
4,0.0350785763316116
2,0.0350785763316116
1,0.0350785763316116
