"rgn_id","pressure_score"
1,0.0477516397294218
4,0.0477516397294218
5,0.0477516397294218
2,0.0477516397294218
3,0.0477516397294218
6,0.0477516397294218
