"rgn_id","pressure_score"
1,0.0652946082483253
4,0.0652946082483253
5,0.0652946082483253
2,0.0652946082483253
3,0.0652946082483253
6,0.0652946082483253
