"rgn_id","pressure_score"
3,0.0652946082483253
4,0.0652946082483253
2,0.0652946082483253
1,0.0652946082483253
