"rgn_id","pressure_score"
3,0.0477516397294218
4,0.0477516397294218
2,0.0477516397294218
1,0.0477516397294218
