"rgn_id","w_fis"
3,0.778133576
4,0.778133576
2,0.778133576
1,0.778133576
