"rgn_id","resilience.score"
3,0.387319929083636
4,0.387319929083636
2,0.387319929083636
1,0.387319929083636
