"rgn_id","resilience.score"
1,0.772727272727273
4,0.772727272727273
5,0.772727272727273
2,0.772727272727273
3,0.772727272727273
6,0.772727272727273
