"rgn_id","resilience.score"
3,0.40832188
4,0.40832188
2,0.40832188
1,0.40832188
