"rgn_id","resilience.score"
3,0.772727272727273
4,0.772727272727273
2,0.772727272727273
1,0.772727272727273
