"rgn_id","pressure_score"
3,0.19084
4,0.19084
2,0.19084
1,0.19084
