"rgn_id","pressure_score"
1,0.19084
4,0.19084
5,0.19084
2,0.19084
3,0.19084
6,0.19084
