"rgn_id","pressures.score"
3,0.02603712
4,0.02603712
2,0.02603712
1,0.02603712
