"rgn_id","resilience.score"
1,0.916666666666667
4,0.916666666666667
5,0.916666666666667
2,0.916666666666667
3,0.916666666666667
6,0.916666666666667
