"rgn_id","resilience.score"
3,0.916666666666667
4,0.916666666666667
2,0.916666666666667
1,0.916666666666667
