"rgn_id","pressure_score"
3,0.131986066476923
4,0.131986066476923
2,0.131986066476923
1,0.131986066476923
