"rgn_id","pressure_score"
1,0.131986066476923
4,0.131986066476923
5,0.131986066476923
2,0.131986066476923
3,0.131986066476923
6,0.131986066476923
