"rgn_id","pressure_score"
3,0.514909237621593
4,0.514909237621593
2,0.514909237621593
1,0.514909237621593
