"rgn_id","pressure_score"
1,0.341163
4,0.341163
5,0.341163
2,0.341163
3,0.341163
6,0.341163
