"rgn_id","pressure_score"
3,0.341163
4,0.341163
2,0.341163
1,0.341163
