"rgn_id","pressure_score"
3,0.0396879
4,0.0396879
2,0.0396879
1,0.0396879
