"rgn_id","pressure_score"
1,0.694991339780944
4,0.694991339780944
5,0.694991339780944
2,0.694991339780944
3,0.694991339780944
6,0.694991339780944
