"rgn_id","pressure_score"
3,0.694991339780944
4,0.694991339780944
2,0.694991339780944
1,0.694991339780944
