"rgn_id","area_km2"
3,211.326686722396
4,211.326686722396
2,211.326686722396
1,211.326686722396
