"rgn_id","area_km2"
3,27775.0732902
4,27775.0732902
2,27775.0732902
1,27775.0732902
