"rgn_id","area_km2"
3,1212.94532172483
4,1212.94532172483
2,1212.94532172483
1,1212.94532172483
