"rgn_id","area_km2"
1,27775.0732902
4,27775.0732902
5,27775.0732902
2,27775.0732902
3,27775.0732902
6,27775.0732902
