"rgn_id","pressures.score"
3,0.009914125546969
4,0.009914125546969
2,0.009914125546969
1,0.009914125546969
