"rgn_id","pressures.score"
3,0.677563278
4,0.677563278
2,0.677563278
1,0.677563278
