"rgn_id","pressures.score"
1,0.677563278
4,0.677563278
5,0.677563278
2,0.677563278
3,0.677563278
6,0.677563278
