"rgn_id","score"
1,0.887338658098306
4,0.887338658098306
5,0.887338658098306
2,0.887338658098306
3,0.887338658098306
6,0.887338658098306
