"rgn_id","score"
3,0.887338658098306
4,0.887338658098306
2,0.887338658098306
1,0.887338658098306
