"rgn_id","score"
3,-0.14256377017058
4,-0.14256377017058
2,-0.14256377017058
1,-0.14256377017058
