"rgn_id","score"
1,0.878875988672286
4,0.878875988672286
5,0.878875988672286
2,0.878875988672286
3,0.878875988672286
6,0.878875988672286
