"rgn_id","score"
3,0.878875988672286
4,0.878875988672286
2,0.878875988672286
1,0.878875988672286
