"rgn_id","score"
3,0.381188015963081
4,0.381188015963081
2,0.381188015963081
1,0.381188015963081
