"rgn_id","score"
1,0.381188015963081
4,0.381188015963081
5,0.381188015963081
2,0.381188015963081
3,0.381188015963081
6,0.381188015963081
