"rgn_id","score"
3,0.618811984036919
4,0.618811984036919
2,0.618811984036919
1,0.618811984036919
